{
    "account_id": "68295bfe9368e58d8e1db036",
    "api_key": "ce574584f3bde75763f6cefac750d6320b5c6891f20cbd0d38fd22efe58a8c19",
    "account_email": "khazbun@gmail.com",
    "account_status": "Active",
    "plan_id": "Cloud 8M",
    "plan_name": "Cloud 8M",
    "plan_monthly_price": 69000,
    "searches_per_month": 100000000,
    "plan_searches_left": 100000000,
    "extra_credits": 100000000,
    "total_searches_left": 100,
    "this_month_usage": 0,
    "this_hour_searches": 0,
    "last_hour_searches": 0,
    "account_rate_limit_per_hour": 1000000,
    "serpapi_base_url": "https://serpapi.com/search"
}